id,text,historical_reply,intent,expected_action,review_notes
697,@AppleSupport The newest update. I️ made sure to download it yesterday.,@115854 Lets take a closer look into this issue. Select the following link to join us in a DM and we'll go from there. https://t.co/GDrqU22YpT,other,escalate,AI-assisted preliminary label; requires human review
698,@AppleSupport  https://t.co/NV0yucs0lB,@115854 We're here for you. Which version of the iOS are you running? Check from Settings &gt; General &gt; About.,other,escalate,AI-assisted preliminary label; requires human review
702,@AppleSupport Tried resetting my settings .. restarting my phone .. all that,@115855 Let's go to DM for the next steps. DM us here: https://t.co/GDrqU22YpT,other,escalate,AI-assisted preliminary label; requires human review
704,@AppleSupport This is what it looks like https://t.co/XCQU2l4xUB,@115855 Any steps tried since it started last night?,other,escalate,AI-assisted preliminary label; requires human review
707,@AppleSupport I️ have an iPhone 7 Plus and yes I️ do,@115855 That's great it has iOS 11.1 as we can rule out being outdated. Any steps tried since this started? Do you recall when it started?,other,escalate,AI-assisted preliminary label; requires human review
709,@AppleSupport I️ need answers because it’s annoying 🙃,@115855 We'd like to look into this with you. Which model do you have and is iOS 11.1 installed? Any steps tried so far?,other,escalate,AI-assisted preliminary label; requires human review
717,@AppleSupport This is what is happening... https://t.co/X3SZSJXfAT,@115857 We'd like to investigate further with you. Send us a DM and we can troubleshoot more from there. https://t.co/GDrqU22YpT,other,escalate,AI-assisted preliminary label; requires human review
719,Tf is wrong with my keyboard @115858,"@115857 Fill us in on what is happening, then we can help out from there.",other,escalate,AI-assisted preliminary label; requires human review
721,@AppleSupport are the call centres closed for the night?,@115859 We've received your DM and will continue there.,other,escalate,AI-assisted preliminary label; requires human review
723,@115858 @AppleSupport hello are all the lines closed for tonight #help,@115859 What's going on? We're hapy to help if we can. https://t.co/GDrqU22YpT,other,escalate,AI-assisted preliminary label; requires human review
733,@AppleSupport I’ve got a screenshot saying my #iPhoneX is reserved for the 3rd then an email saying it’s the 18th... what happened?,@115863 Go ahead and send us a DM please. Let us know the country you're in.,other,escalate,AI-assisted preliminary label; requires human review
735,@AppleSupport I have the iPhone 6s Plus and just did the most recent update.,"@115864 To make sure, is iOS 11.1 installed on it currently? Also, any steps tried so far? DM us here: https://t.co/GDrqU22YpT",other,escalate,AI-assisted preliminary label; requires human review
736,Thank you @AppleSupport I updated my phone and now it is even slower and barely works. Thank you for ruining my phone.😤,"@115864 We'd like to help, but we'll need more details. What's happening on your device and which model is it? Do you have iOS 11.1?",other,escalate,AI-assisted preliminary label; requires human review
739,@AppleSupport iOS 11.0.3,"@115865 Let's check Settings &gt; General &gt; Software Update. iOS 11.1 was released earlier today. If you see it, please backup &amp; update.",other,escalate,AI-assisted preliminary label; requires human review
742,@AppleSupport Okey. Thank you! 🤗,"@115865 Our pleasure. If you're still having issues after a back up and update, contact us back. We're happy to help.",other,escalate,AI-assisted preliminary label; requires human review
740,@AppleSupport iPhone 7 Plus 😊,@115865 Thanks! Which iOS version is currently showing in Settings &gt; General &gt; About?,other,escalate,AI-assisted preliminary label; requires human review
745,@AppleSupport I need the software update urgently. The battery lasts literally half a day 🙍🏼🙁@AppleSupport,@115865 Hi there! What type of device are we working with?,other,escalate,AI-assisted preliminary label; requires human review
747,Hola @AppleSupport necesito urgente la actualización de software. La batería me dura literal medio día 🙍🏼🙇🏼‍♀️,@115865 We offer support via Twitter in English. Get help in Spanish here: https://t.co/IBIY3vMgPj or join https://t.co/OczyRx7IOs,other,escalate,AI-assisted preliminary label; requires human review
749,@AppleSupport Hi! What is going on? Has Youtube lost it? What can be done about it? Thanks for the support! https://t.co/T8ZZp4IH6t,@115866 We want to help! DM us and let us know more about the issues you are having. https://t.co/GDrqU22YpT,other,escalate,AI-assisted preliminary label; requires human review
751,@AppleSupport ? hello,@115867 We'd like to get you speaking to our experts here: https://t.co/IBIY3vMgPj,other,escalate,AI-assisted preliminary label; requires human review
754,"@AppleSupport Yes it did, 11.0.3","@115868 We've just released iOS 11.1. We suggest backing up &amp; updating. Then, test the issue again. Here's how: https://t.co/80YRnjDFDk",other,escalate,AI-assisted preliminary label; requires human review
756,MY HOME BUTTON DOESN’T WORK #IOS11 @AppleSupport,@115868 Let us help with your Home button. Did this issue start right after iOS 11? Which version of iOS 11 are you running?,other,escalate,AI-assisted preliminary label; requires human review
758,Hey @115858! Last time I downloaded an update my freaking phone gave me hell. Any recommendations?,@115869 We're here to help. Meet us in DM and we can check on available options. https://t.co/GDrqU22YpT,other,escalate,AI-assisted preliminary label; requires human review
760,@AppleSupport I can not find an option to get it there. It was just always there when playing.,@115870 DM us the specific iOS version you are running currently and we'll continue there. https://t.co/GDrqU22YpT,other,escalate,AI-assisted preliminary label; requires human review
763,@AppleSupport The app is still there. But no longer able to control it from the lockscreen.,"@115870 Just to confirm, this is only happening with Spotify, correct?",technical_problem,auto-handle,AI-assisted preliminary label; requires human review
765,After update #ios1103 no spotify on my lock screen?@AppleSupport,@115870 Thanks for reaching out to us. Are you experiencing the missing app after restating your device?,other,escalate,AI-assisted preliminary label; requires human review
767,I just need @115858 to do something about the battery life because it sucks ass,@115871 We want to help you get your battery life back on track. Please DM and we'll look at it together. https://t.co/GDrqU22YpT,other,escalate,AI-assisted preliminary label; requires human review
1755,"Why does my I️ not work ?! 
@115858 please fix this!!!",@116097 We'd like to look into this with you. Please DM us your current iOS version and your iPhone model. https://t.co/GDrqU22YpT,other,escalate,AI-assisted preliminary label; requires human review
1757,@AppleSupport I️ just updated it and it’s still coming up https://t.co/22RZsQyTbh,@116098 Let's dig into this further with you. DM us and we'll continue there.,other,escalate,AI-assisted preliminary label; requires human review
1759,Why is “I️” keep changing to this and how do I️ stop it🤦🏽‍♀️ @115858 @AppleSupport #anybody https://t.co/urzAfSZL5z,"@116098 We definitely understand your concern. Please backup your iPhone, update and let us know the result: https://t.co/ahjigcvFRG",cancellation,auto-handle,AI-assisted preliminary label; requires human review
1761,iOS 11 is killing my battery @115858. Fix it.,@116099 We're here to help. Which exact iOS version is your device running? This info can be found under Settings &gt; General &gt; About.,other,escalate,AI-assisted preliminary label; requires human review
1763,"@AppleSupport Thanks, thing is I still have like 81 cents in credit and won't let me do that until I have zero credit",@116100 Try contacting our iTunes Store team here for more help: https://t.co/SDIe7UiyJN,other,escalate,AI-assisted preliminary label; requires human review
1764,"@AppleSupport Hello, I need some help regarding the region change on my Apple ID",@116100 This article should help with that: https://t.co/usOJWy6ChP,other,escalate,AI-assisted preliminary label; requires human review
1768,"@AppleSupport it has, but not for some time now. i’ve tried with two different apple ids but it’s still not showing up on my phone",@116101 Thanks for clarifying. Let's meet in DM so we can do more in-depth on this. https://t.co/GDrqU22YpT,other,escalate,AI-assisted preliminary label; requires human review
1770,@AppleSupport why is my home sharing not working and how do i fix it,@116101 We're happy to help. Has Home Sharing worked with these devices before?,technical_problem,auto-handle,AI-assisted preliminary label; requires human review
1772,"@AppleSupport iPhone 6, yes ios11. Checked for updates, none available. I’ve swiped up to close the app several times and I’ve restarted it 2x","@116102 To make sure, is iOS 11.1 showing here: Settings &gt; General &gt; About &gt; Version? Please DM us the answer here: https://t.co/GDrqU22YpT",technical_problem,escalate,AI-assisted preliminary label; requires human review
1775,@AppleSupport @116102 Battery life just got worst.,"@116103 We'll make sure to get this straightened out. DM us, and we'll see you there. https://t.co/GDrqU22YpT",other,escalate,AI-assisted preliminary label; requires human review
1773,"@AppleSupport I just get a white screen and nothing loads. After a short time, it just closes/crashes. Thanks for the reply.",@116102 Which model do you have and is iOS 11.1 installed on it? Any steps tried so far?,other,escalate,AI-assisted preliminary label; requires human review
1779,@115858 my PHONE app doesn’t work. Thank you for updating my #iPhone to an #ipod,@116102 We want you to be able to make calls on the iPhone. What exactly is going on with the Phone app?,technical_problem,auto-handle,AI-assisted preliminary label; requires human review
1781,@AppleSupport why can’t I change ringer volume with the buttons? Whose dumb idea was it to change that and how do they still have a job?,@116104 Let us look into that. What device and OS version are you using?,other,escalate,AI-assisted preliminary label; requires human review
1783,@115858 if my words even mean a thing to you; I am an iPhone 7 owner and have updated to your latest software and now am having the most dropped calls in history and glitch’s such as apps randomly opening and more ... #iHelp,@116105  We want to help.  Send us a DM letting us know if you are updated to iOS 11.1 https://t.co/GDrqU22YpT,other,escalate,AI-assisted preliminary label; requires human review
1785,@AppleSupport epıl bana yardımcı olur musun telefon internet konusunda çok yakıyo napcaz ?,@116106 We offer support via Twitter in English. Contact us for help in your preferred language here: https://t.co/IBIY3vMgPj,other,escalate,AI-assisted preliminary label; requires human review
1787,@AppleSupport Worked 👌🏽,@116107 Glad to hear and just reach out again if you need help. Have a good one!,other,escalate,AI-assisted preliminary label; requires human review
1789,@AppleSupport No I had 11.0.3 but now it says 11.1 update so ima go ahead and do that,@116107 Please keep us posted afterwards.,other,escalate,AI-assisted preliminary label; requires human review
1791,why won’t my apps fuccin download or update @AppleSupport,@116107 Apps are important and we want you to get back to enjoying them. Which model do you have? Is iOS 11.1 installed on it?,other,escalate,AI-assisted preliminary label; requires human review
2610,@AppleSupport $100 billion says that solves my problem? I’m on 11.0.3 currently. Hold please.,@116332 Let us know and we'll continue from there. https://t.co/GDrqU22YpT,other,escalate,AI-assisted preliminary label; requires human review
2613,"Cupertino, we have a problem. .@115858 .@116333 .@AppleSupport .@190 https://t.co/ImMcJ8QsTM",@116332 We'd like to see what we can do to assist. What version of iOS are you currently running? We released iOS 11.1 today.,other,escalate,AI-assisted preliminary label; requires human review
2615,"@AppleSupport Yes, after the update. I Phone 7",@116334 Got it. Does this happen while using any particular App or feature? Let us know via a DM. We’ll keep moving forward from there. https://t.co/GDrqU22YpT,other,escalate,AI-assisted preliminary label; requires human review
2616,"@AppleSupport why is my battery life short? I updated to 11.1, my battery is poor. Wife didn’t she likes her battery life","@116334 Let’s work together on this situation. To clarify, did this start after updating to iOS 11.1? Also, which device are you using?",other,escalate,AI-assisted preliminary label; requires human review
2619,@AppleSupport But this does not show the music stored on my phone like it did in os3. I do not want to store music on my phone.,@116335 We certainly want to take a closer look into this issue. Select the following link to join us in a DM and we'll go from there. https://t.co/GDrqU22YpT,other,escalate,AI-assisted preliminary label; requires human review
2620,@AppleSupport watchOs4 made my watch pointless Browsing music on my phone via the watch was 80% reason for buying it now it’s useless.,@116335 You should still be able to control Music on your iPhone from the watch. Check out the user guide here: https://t.co/vRQnmrhVHj,other,escalate,AI-assisted preliminary label; requires human review
2627,@AppleSupport iOS 11.1 it’s been getting worse for a few months now,@116337 Please meet with us in DM. We'd like to gather some additional details from you. https://t.co/GDrqU22YpT,other,escalate,AI-assisted preliminary label; requires human review
2628,Question- @249 @115858 my iPhone6 dies very quick (have to charge it 3 times a day) my iPhone5 battery was faulty. Could this be the same?,"@116337 We know how important your battery is &amp; we'll be happy to help. Which iOS version are you using? Also, when did this issue begin?",billing_refund,auto-handle,AI-assisted preliminary label; requires human review
2631,"@AppleSupport iPhone 7+, iOS 11.1","@116338 Thank you very much! Send us a DM to let us know if your speaker doesn't work on calls, or if other apps are affected as well. https://t.co/GDrqU22YpT",other,escalate,AI-assisted preliminary label; requires human review
2632,And why is my music NEVER in my control center?! @AppleSupport,@116338 We're here to help out! Which device is this on and which version of iOS is currently installed?,other,escalate,AI-assisted preliminary label; requires human review
2635,"@115858 Just updated iOS on iPhone7, now iCloud backup greyed out, cannot be turned on, says “Last Backup Never”",@116339 Check out this link: https://t.co/Lr8zUtw9ls Send us a DM if it doesn't help. https://t.co/GDrqU22YpT,technical_problem,auto-handle,AI-assisted preliminary label; requires human review
2637,"@AppleSupport Hi, I plugged an adapter straight into the transformer and it still didn't charger. The charger LED does not light up either.",@116340 We certainly want to take a closer look into this. Select the following link to join us in a DM and we'll go from there. https://t.co/GDrqU22YpT,other,escalate,AI-assisted preliminary label; requires human review
2638,@AppleSupport ...cost for sending in for diagnosing a problem if it's out of warranty?,@116340 We can help. Let’s start with the following steps to see if we can save you a trip in for service: https://t.co/RqWW0duJ0U,other,escalate,AI-assisted preliminary label; requires human review
2642,@AppleSupport still no reliable Bluetooth on my iPhone 8+.,@116341 Thanks for reaching out. DM which Bluetooth device you are trying to connect to so we can help. https://t.co/GDrqU22YpT,other,escalate,AI-assisted preliminary label; requires human review
2644,"@AppleSupport When you roll the month, it does not appear and hangs",@116342 We'd like to take a closer look at this. DM us and we'll go from there. https://t.co/GDrqU22YpT,other,escalate,AI-assisted preliminary label; requires human review
2645,@115858 when will the bug in the calendar app be fixed? I upgraded to iOS 11.1 and it still crashes when iOS 11.03,@116342 We'd like to help. What is going on with the app?,technical_problem,auto-handle,AI-assisted preliminary label; requires human review
2648,@AppleSupport do you have any apps for epilepsy so I can detect my seizures thanks in advance,"@116343 Hey, we can provide some guidance. Let's meet in DM and we'll go from there. https://t.co/GDrqU22YpT",other,escalate,AI-assisted preliminary label; requires human review
2650,"@115858 really needs to fix this update. My phone has never been slower, for real.",@116344 We're here to help with any issues you may having with performance. Let us know the exact iOS version to get started.,other,escalate,AI-assisted preliminary label; requires human review
2652,@AppleSupport 11.0.3,@116345 Got it. We'd recommend backing up and updating your device to 11.1 and test things out further. Keep us posted on the results.,other,escalate,AI-assisted preliminary label; requires human review
2654,@AppleSupport newest version of iOS and iPhone 7,"@116345 Since we just released iOS 11.1 today, can you clarify which exact version you have installed?",other,escalate,AI-assisted preliminary label; requires human review
2665,@AppleSupport Yes,@116348 Thank you for reaching out. We've received your DM and will continue working with you there.,other,escalate,AI-assisted preliminary label; requires human review
2671,@AppleSupport @AppleSupport ^^check this out,@116349 Send us a DM please and we will go from there. https://t.co/GDrqU22YpT,other,escalate,AI-assisted preliminary label; requires human review
2676,@AppleSupport HELP ME. I have a problem with my iPhone 7😑,@116349 We're happy to help. What seems to be the problem?,other,escalate,AI-assisted preliminary label; requires human review
2678,"@AppleSupport Any idea why icons show up like this? I did force reset to no avail. After initial notification display, they show up. https://t.co/qBFIAlpGyD","@116350 We're here for you. DM us, and we'll look into this together. https://t.co/GDrqU22YpT",other,escalate,AI-assisted preliminary label; requires human review
2680,@AppleSupport It’s sorted. Thanks. iOS update needed a change and hard reboot,@116351 We're glad to hear that's sorted out for you. Have a great day.,other,escalate,AI-assisted preliminary label; requires human review
2682,@AppleSupport ios 11.0.3 on 6s. Cannot adjust alarm volume so waking up all in my house and neighbours despite ringer being set to minimum!,"@116351 We'd love to help with your alarm volume. Is the option to ""Change with Buttons"" disabled under Settings &gt; Sounds?",technical_problem,auto-handle,AI-assisted preliminary label; requires human review
2684,@AppleSupport live photo keeps turning on in the camera even when it’s set to stay off. Please fix in next update.,"@116352 Hey, we can work together to figure out a solution. Send us a DM and we'll continue from there. https://t.co/GDrqU22YpT",other,escalate,AI-assisted preliminary label; requires human review
3761,Listen I’m having issues with my phone so like can you @ me so we can talk @AppleSupport,@116620 We're here to help. Send us a DM with the issue and we'll follow up from there. https://t.co/GDrqU22YpT,other,escalate,AI-assisted preliminary label; requires human review
3763,"@AppleSupport 11.1?? when did that come out lol, i talked to you guys last night and you asked if i was updated to 11.0.3 which i am lol","@116621 It was released earlier today. Let's use these steps to update iOS:  
 https://t.co/80YRnjDFDk",other,escalate,AI-assisted preliminary label; requires human review
3764,not only does my phone keep freezing but when i screenshot things it turns out white... really not liking this iphone 8 plus @AppleSupport,@116621 Let's look at this together. Are you updated to iOS 11.1?,other,escalate,AI-assisted preliminary label; requires human review
3767,@AppleSupport I’m no expert in battery life  but 40% doesn’t go to 7% in 5minutes,"@116622 We understand your concerns, and want to help. Which device is this happening on?",other,escalate,AI-assisted preliminary label; requires human review
3769,@AppleSupport That fixed it thanks,@116623 That's great! Enjoy the rest of your day.,other,escalate,AI-assisted preliminary label; requires human review
3770,@AppleSupport this is my top bar every time I open messages on my SE after updating to iOS 11.1 https://t.co/Lzge3qzc7w,@116623 Thank you for reaching out to us. Have you tried to restart the device? Let us know to get started.,other,escalate,AI-assisted preliminary label; requires human review
3776,"@AppleSupport still happening, including on iOS 11.2 beta now. any ideas?",@116625 Thanks for the update. Go ahead and send us a DM and we'll take it from there. https://t.co/GDrqU22YpT,other,escalate,AI-assisted preliminary label; requires human review
3777,"@AppleSupport I've also forced the app to close from the background and reopened, no dice 🎲",@116625 Let’s team up on this. How long has this been happening? What version number of iOS are you running? Which iPhone do you have?,technical_problem,auto-handle,AI-assisted preliminary label; requires human review
4870,@AppleSupport iPhone 6 and yes it’s got the latest software update,"@116853 Thanks for letting us know. We'd like to take a further look into this. Please send us a DM, and we'll continue there. https://t.co/GDrqU22YpT",other,escalate,AI-assisted preliminary label; requires human review
4871,Really considering getting a new kind of phone since my iPhone dies with 90% while using my camera 😤 @115858 @AppleSupport @318,@116853 We want to help! What model of iOS device are you using? Do you have the most recent version of iOS 11.1 downloaded?,other,escalate,AI-assisted preliminary label; requires human review
4875,Come on @AppleSupport #ios11.1  Same bug as before. Numbers disappear when entering info. Video below. #iosproblems https://t.co/eKirAn2Mam,@116854 Let's investigate this together. Does this only occur when using specific apps or website?,technical_problem,auto-handle,AI-assisted preliminary label; requires human review
4877,@AppleSupport Restarting does resolve the issue. Thanks.,@116855 We're glad to hear that resolved the issue. Don't hesitate to reach out to us if you have any questions. Take care.,other,escalate,AI-assisted preliminary label; requires human review
4879,@AppleSupport I can’t download songs. Progress icon keeps spinning. On both data + WiFi. Stream works though. Can’t add songs to playlists. https://t.co/x7uUxSqO9u,@116855 We want to help. Does restarting help at all? DM us which iOS version you're on and we'll continue support there. https://t.co/GDrqU22YpT,other,escalate,AI-assisted preliminary label; requires human review
4881,@AppleSupport iOS 11.1,@116856 Are all of your apps updated as well?,other,escalate,AI-assisted preliminary label; requires human review
4884,@AppleSupport It,@116856 We'd be happy to look into this with you further. DM us using the link below and we'll go from there. https://t.co/GDrqU22YpT,other,escalate,AI-assisted preliminary label; requires human review
4882,@AppleSupport tell me why I️’I’ve updated my phone twice and I️ can’t type letter I️ without getting a letter A and a question mark,@116856 We're here for you. What is the exact version of the iOS you're running? Check by tapping Settings &gt; General &gt; About.,other,escalate,AI-assisted preliminary label; requires human review
4889,@AppleSupport And the new ones tauntingly pretend they are saved- it’s just when I click on them or try to send them that the grey screen shows,"@116857 We appreciate those details. For more help with Photos, please reach out to our Photos experts here: https://t.co/IBIY3vMgPj",other,escalate,AI-assisted preliminary label; requires human review
4890,"@AppleSupport whenever I try to see the photos that I’ve just taken my #iphone6 shows me this. I’ve reset it, I’ve restored it... help? https://t.co/8tQy27WvMe",@116857 We know how important it is to be able to view your photos. Are you able to see older photos on your iPhone?,other,escalate,AI-assisted preliminary label; requires human review
4893,This “I️” shit annoying yo @115858 fix this shit,@116858 We're here to help. Send us a DM with the iOS version number you're on. We'll follow up there. https://t.co/GDrqU22YpT,other,escalate,AI-assisted preliminary label; requires human review
4897,@AppleSupport AFTER I️ updated my phone.,@116859 Does that continue after restarting your iPhone? Do you have any other iOS devices or a Mac computer? Let us know in DM. https://t.co/GDrqU22YpT,other,escalate,AI-assisted preliminary label; requires human review
4896,@AppleSupport please make this stop!!! https://t.co/YoyrO8iZKe,"@116859 Let’s work together on this behavior. How long has this been happening? Also, which device are you using?",cancellation,auto-handle,AI-assisted preliminary label; requires human review
4900,@AppleSupport @116860 I have and my battery life has become even worse,@116861 Let's look into this further in DM. https://t.co/GDrqU22YpT,other,escalate,AI-assisted preliminary label; requires human review
4905,@AppleSupport I've updated to iOS 11.1 just now. I shall check out these WiFi hotspots tomorrow and later in the week.,@116855 Sounds good. Let us know the results in DM and we'll continue working with you there. Thanks again. https://t.co/GDrqU22YpT,other,escalate,AI-assisted preliminary label; requires human review
4906,@AppleSupport The ‘Overlapping url over TIME on Free WiFi hotspots’ remains. v11.0.3. Not a WiFi problem; two different hotspots shown. https://t.co/81ifcrDUeS,@116855 We'd like to have you backup and update your iPhone to iOS 11.1 and let us know if that helps: https://t.co/ahjigcvFRG,other,escalate,AI-assisted preliminary label; requires human review
4909,"コレは本当に困る、ゲームも出来なくなったしアップデートしなきゃ良かった´д` ;
@AppleSupport @115858 → 「バッテリーの減りが激しい」という問題に関しても同様）。 https://t.co/bGQly6cE2O",@116862 We offer support via Twitter in English. Contact us for help in your preferred language here: https://t.co/IBIY3vMgPj.,other,escalate,AI-assisted preliminary label; requires human review
4915,"Don’t complain a lot about @115858 but when battery iphone goes down 50% after using your phone for 30 minutes .....
Problems since update 11",@116864 We'd like to help. Let's take this to DM and we'll explore ways to provide you assistance. https://t.co/GDrqU22YpT,other,escalate,AI-assisted preliminary label; requires human review
4917,.@AppleSupport why my iPhone keep dying at 30% quit playing games I'm not getting no new damn phone or iPhone x,@116865 We'd like to help. What iOS version are you on?,other,escalate,AI-assisted preliminary label; requires human review
5808,Y’all need to fix this now @115858,@117096 Thank you for reaching out. We've received your DM and will continue working with you there.,other,escalate,AI-assisted preliminary label; requires human review
5810,@AppleSupport No,"@117097 Got it. We recommend updating your Watch OS, then testing to see if the issue persists. If the problem continues, reach back out.",other,escalate,AI-assisted preliminary label; requires human review
5812,@AppleSupport just updated my 7 plus to 11.1 but I can’t see the new emojis on my watch. Pls help.,@117097 Got it. Have you updated your Apple Watch to 4.1 yet?,other,escalate,AI-assisted preliminary label; requires human review
5814,@AppleSupport ok cool,@117098 Does this issue happen with all applications or only some?  Let us know in DM. https://t.co/GDrqU22YpT,other,escalate,AI-assisted preliminary label; requires human review
5816,I️ &lt;— wtf is going on @AppleSupport,@117098 We'd be happy to look into this with you more in detail.  Please reach out to us via DM and we'll get started. https://t.co/GDrqU22YpT,other,escalate,AI-assisted preliminary label; requires human review
5819,@AppleSupport I can’t change lock screen anymore from ‘wallpaper’ in settings. How do I do it now?,@117099 We'd be happy to help. Check out this link to for more information: https://t.co/hSnkM7JIIS,other,escalate,AI-assisted preliminary label; requires human review
5821,"Dear @AppleSupport this new update sucks ,I have too many problems with my phone now ! Blurry screen , black screen , frozen phone !",@117100 Getting the expected performance from your iPhone is very important to us. Let us know the exact iOS version to get started.,other,escalate,AI-assisted preliminary label; requires human review
5823,@115858 creates amazing technology..... but talk to text still messes up 90% of what I will it to type..... #fixyourcrap,@117101 Let’s work together on this. How long has this been happening? Do you experience similar behavior with Siri?,other,escalate,AI-assisted preliminary label; requires human review
5829,"Heyyy @115858 still waiting on a version of iOS 11 that isn’t complete shit

— Everyone with any iPhone that isn’t the brand new one","@117103 Thanks for reaching out. If you're having issues, we'd like to assist. DM us and we'll continue there. https://t.co/GDrqU22YpT",other,escalate,AI-assisted preliminary label; requires human review
5831,@AppleSupport why does my iphone 6 is redémarrer alone !!!!!,@117104 Thanks for getting back to us. We apologize but aren't understanding the issue at hand. Please DM us. https://t.co/GDrqU22YpT,other,escalate,AI-assisted preliminary label; requires human review
5833,"sa fait 1h j’ai ios11.1 et mon tel redemarre seul, explication @AppleSupport ?????",@117104 We offer support via Twitter in English. Contact us for help in your preferred language here: https://t.co/IBIY3vMgPj,other,escalate,AI-assisted preliminary label; requires human review
5835,You dropped an update and I️ still see boxed question marks. Fix this shit @AppleSupport @115858.,@117105 We're here to help. Which version of iOS is installed on your device? You'll see this in Settings &gt; General &gt; About.,other,escalate,AI-assisted preliminary label; requires human review
5837,@AppleSupport Yes. Sorry. I️ just watched a video about 11.2 beta. 11.1 When I️ type the letter Eye I️ happens https://t.co/bUBElgADue,"@117106 Have you tried resetting the keyboard dictionary yet? If not, go to Settings &gt; General &gt; Reset &gt; Reset Keyboard Library",other,escalate,AI-assisted preliminary label; requires human review
5841,@AppleSupport Tried I️t and I️t still doesn’t work,@117106 Here’s what you can do to work around the issue until it’s fixed in a future software update: https://t.co/xXaXeeSRt9,other,escalate,AI-assisted preliminary label; requires human review
5839,Just updated to iOS 11.2 and my keyboard is completely screwed up and glitchy now 🤦‍♂️ @115858 @AppleSupport,@117106 We'd like to assist as best we can. Do you mean iOS 11.1 which was released today?,other,escalate,AI-assisted preliminary label; requires human review
5844,"@AppleSupport No, virginmedia. Tried twice with completely new mail. One didn’t save, 2nd did though. Very odd.","@117107 Some accounts may create separate folders for your Drafts. If you're still having trouble, please DM us here: https://t.co/GDrqU22YpT",other,escalate,AI-assisted preliminary label; requires human review
5845,@AppleSupport Updated iPad Pro to 11.1.  Worked on draft email. None of changes saved. Started new email. Saved but disappeared. Help please,@117107 We'll help in any way we can. Was this on an https://t.co/coj9FJKJWV email account?,other,escalate,AI-assisted preliminary label; requires human review
5848,@AppleSupport 11.0.3,"@117108 Got it. From here, let's update to iOS version 11.1, then test to see if the issue persists: https://t.co/80YRnjDFDk",other,escalate,AI-assisted preliminary label; requires human review
5853,@319 why is my “it “ autocorrecting to I.T?? So annoying! Can’t change in settings either...@AppleSupport,@117109 We'd love to help. Let's work together in DM. https://t.co/GDrqU22YpT,other,escalate,AI-assisted preliminary label; requires human review
6483,Hello @115858 @AppleSupport what’s happening to my screen https://t.co/GTNXT4VoKd,@117151 We'd love to take a look into this concern. Is the screen stuck this way have you restarted it? Send us a DM. https://t.co/GDrqU22YpT,other,escalate,AI-assisted preliminary label; requires human review
6554,@AppleSupport how long does it take usually for account recovery to get back to you? It’s been about a week now.,@117154 Having access to your Apple ID is important. Did you receive an email with a confirmation of your request? DM us here: https://t.co/GDrqU22YpT,account_access,auto-handle,AI-assisted preliminary label; requires human review
6608,@AppleSupport the fact that my laptop that I haven't even had for two years keeps shutting off without warning at 15% is kind of ridiculous.,@117165 Let's see what we can find for you today. Let's meet up in DM to gather some specifics and we'll proceed from there. https://t.co/GDrqU22YpT,other,escalate,AI-assisted preliminary label; requires human review
6657,@AppleSupport My wife made the mistake of updating to 11. How can we revert back? Her password keeper app is now dead. She can't access her passwords.,@117177 You won't be able to revert the system to pre-iOS 11 but we can look into the issues. DM us and we'll get started. https://t.co/GDrqU22YpT,technical_problem,escalate,AI-assisted preliminary label; requires human review
6917,"@AppleSupport Yes, sorry i mean iOS 11, when I texting my keyboard it’s very slow and my battery it consumes very fast.","@117183 Are you currently using Low Power Mode? If so, disable that from Settings &gt; Battery and restart. Let us know in DM if it helps. https://t.co/GDrqU22YpT",other,escalate,AI-assisted preliminary label; requires human review
6919,"@AppleSupport I installed the iOS 10.0 , 10.0.1 and 10.0.2 and makes my iPhone 6 very slow and doesn’t work properly can you help me?","@117183 We can help!  We assume you mean iOS 11, right?  Can you tell us what types of performance issues you're experiencing?",other,escalate,AI-assisted preliminary label; requires human review
6928,@AppleSupport my iPhone is a fully up to date so why does my phone keep freezing 🙃???,"@117186 We want to help in any way we can. Which iPhone are you using? Let us know in DM, and we’ll work with you there. https://t.co/GDrqU22YpT",other,escalate,AI-assisted preliminary label; requires human review
6934,@115858 after the new apple updates: the battery life is really go fast and the WiFi is always on! @AppleSupport #newappleupdates,@117189 We'd love to help. Let's work on this together in DM. Start by letting us know what kind of device you are using. https://t.co/GDrqU22YpT,other,escalate,AI-assisted preliminary label; requires human review
8297,@AppleSupport Hello there i need help with the use of an administartors name and password on my imac,@117454 Hi! We're happy to help. Join us in DM with the macOS version installed on your iMac and more details about what's going on. https://t.co/GDrqU22YpT,account_access,escalate,AI-assisted preliminary label; requires human review
8299,@AppleSupport DL the latest iOS today. Very laggy 6s. Phone is running like hammered dog shit since the DL.,@117455 Are you seeing issues across all apps or are you noticing lag when performing specific tasks? Let us know in DM. https://t.co/GDrqU22YpT,other,escalate,AI-assisted preliminary label; requires human review
8302,Every time I watch a live broadcast or video it skips or repeats a few seconds since updating @AppleSupport https://t.co/ufl7yqidmb,"@117456 We'd like to learn more about what's happening. What model &amp; iOS version are you working with? Tell us in DM, please. https://t.co/GDrqU2kzhr",other,escalate,AI-assisted preliminary label; requires human review
8304,@116333 @115858  can your team let me know why my new iPhone 6 always has hanging problem I do not know what the problem is by I know I feel I am cheated by apple for phone 📱 do I ?,@117457 We'd be concerned with an unresponsive device too. Let us know your iOS version in DM and we'll help: https://t.co/GDrqU22YpT,other,escalate,AI-assisted preliminary label; requires human review
8308,@AppleSupport I don’t know. I need the space though. How do I get rid of some snapshots,@117459 Finder and Get Info windows don't include snapshots in their calculations so that's not the root cause. Let's meet within DM: https://t.co/GDrqU22YpT,other,escalate,AI-assisted preliminary label; requires human review
8310,@AppleSupport Its slowing down my mac a lot,"@117459  Is 25 GBs what you have left after the snapshots were created on the drive though? Or, were you low on space prior to snapshots?",other,escalate,AI-assisted preliminary label; requires human review
8313,@AppleSupport i have 256 hd and timemachine/system is taking up 150gb of space. I only have 25gb free. Is it suppose to work like this?,@117459 Thanks for reaching out to us. We're happy to help out. We recommend checking out this link: https://t.co/03O2CionXW,other,escalate,AI-assisted preliminary label; requires human review
8315,@AppleSupport Thank you,@117460 You're very welcome! Please feel free to reach out to us again if you need any more help. Have a great day!,other,escalate,AI-assisted preliminary label; requires human review
8316,@AppleSupport  https://t.co/Pk9RhMiLjh,@117460 Here’s what you can do to work around the issue until it’s fixed in a future software update: https://t.co/xXaXeeSRt9 https://t.co/GDrqU22YpT,other,escalate,AI-assisted preliminary label; requires human review
8320,@115858 @AppleSupport iOS 11.1 should never been released. So many bugs. The statusbar randomly disappears in Facebook app,@117460 We'd like to look into the trouble you're having. Does this only occur in the Facebook app?,technical_problem,auto-handle,AI-assisted preliminary label; requires human review
8340,@AppleSupport only 8 attempts to open the twitter app and complain about the iOS 11 messing up my iPhone 7 - this is slowing down my life :(,@117466 We'd like to look into this with you. Please DM us details and we'll be glad to work with you towards a resolution. https://t.co/GDrqU22YpT,technical_problem,auto-handle,AI-assisted preliminary label; requires human review
8420,@AppleSupport Chat doesn’t seem to work in Germany. On the order page I cannot leave comments …,"@117481 If you are unable to access these resources, let's get you connected with our local AppleCare Support team to get you to our Online Support group: https://t.co/zDY8Np0kg6",delivery_tracking,escalate,AI-assisted preliminary label; requires human review
8422,"Dear @115858, I have an online order which I never received - who can I talk to?",@117481 We want to help out. Look here to talk with our Online Support:  https://t.co/8yjRd1Xo0i,delivery_tracking,auto-handle,AI-assisted preliminary label; requires human review
8435,@AppleSupport I need an actual human to help me,"@117484 Understood. For further help with your Apple ID, connect with one of our Apple ID Advisors here: https://t.co/UJm15vmMM2",other,escalate,AI-assisted preliminary label; requires human review
8437,@115858 suck! Upgrade phone &amp; I lose my Apple ID. Can’t get new id without old &amp; can’t book Genius bar help appointment without ID!!! #stupid,"@117484 We're happy you reached out so we can find you the info you need. If you forgot your Apple ID, go to the Apple ID account page: https://t.co/ggVDoc1mU7 From here, click ""Forgot Apple ID or password?"" then click ""look it up."" From here, follow the on screen prompts.",other,escalate,AI-assisted preliminary label; requires human review
8542,@115858 needs to figure it’s shit out. My phone won’t stop freezing &amp; closing apps 🙄😡,"@117500 Let us help. Does this happen while using any specific app? Also, which version of iOS are you currently running?",cancellation,auto-handle,AI-assisted preliminary label; requires human review
8544,"@AppleSupport no, my photos aren’t gone. why are there four (five actually, one isn’t pictured) albums in my photos all labeled twitter?",@117501 Got it. Please continue with us by reaching out to our Photos app experts: https://t.co/IBIY3vMgPj,other,escalate,AI-assisted preliminary label; requires human review
8545,what the fuck @115858? https://t.co/oHhvAW2pqh,"@117501 We're here for you. Let's work together to locate your photos. Did you just recently restore your device, by any chance?",other,escalate,AI-assisted preliminary label; requires human review
8548,@AppleSupport lil help? https://t.co/3cl8aEdWdr,@117502 We'd love to help. DM us which iOS device you are experiencing this issue on to get started. https://t.co/GDrqU22YpT,other,escalate,AI-assisted preliminary label; requires human review
8553,@AppleSupport ya.. i did that way like 3-4times for make my screen finally worked out. whats the causes anw?  what tips to prevent it wont happen again?,"@117503 We wouldn't want to speculate into the cause, but please send us a DM so we can look into this further with you. https://t.co/GDrqU22YpT",other,escalate,AI-assisted preliminary label; requires human review
8551,@AppleSupport ya.lately my screen was disfunction for touch after its been restart. i couldnt enter passcode yet homebutton still figureout my fingerprint,"@117503 For security, the passcode is always required even if you have Touch ID turned on. Are you still having touch screen issues?",other,escalate,AI-assisted preliminary label; requires human review
8557,"@AppleSupport is that safe if we disable passcode for unlock iphone? i mean,is the fingerprint still worked out? i think dat would be enough",@117503 We want to make sure we understand the issue. Are you wanting to disable the passcode and still use Touch ID?,other,escalate,AI-assisted preliminary label; requires human review
8559,@AppleSupport Yes I️ just did that today.,"@117504 OK, please DM us, so we can work together on this. https://t.co/GDrqU22YpT",other,escalate,AI-assisted preliminary label; requires human review
8568,@115858 wtf y’all got going on with my emojis 😐 I’m seeing boxes and shit,@117506 Hey there. 70 new Emoji have been released with iOS 11.1. Update to that and let us know how it goes.,other,escalate,AI-assisted preliminary label; requires human review
8573,@AppleSupport Thank you.,"@117508 You are most welcome. If there is anything we can do to assist you in the future, please don't hesitate to reach back out.",other,escalate,AI-assisted preliminary label; requires human review
8574,@AppleSupport this is the second Fishing email that I have gotten in 2 days https://t.co/WG3DvyKLSj,@117508 We are here to help. Please refer to the following article for steps to report these emails: https://t.co/yGvlh3cZ5Y,other,escalate,AI-assisted preliminary label; requires human review
8577,@AppleSupport since upgrade to High Sierra I see this screen each time my iMac reboots thus defeating automatic login I need. Help. https://t.co/z9trEHnGbP,"@117509 Thanks for reaching out to let us know about this. So we can look into this with you, please DM us here: https://t.co/GDrqU22YpT",technical_problem,auto-handle,AI-assisted preliminary label; requires human review
8579,"@AppleSupport I bought 2 iPhones X on Friday, but I don’t see any charge on my credit card. Do I should worry or it’s normal?","@117510 Thanks for reaching out to us. Please send us a DM with your country, and we'll look into this. https://t.co/GDrqU22YpT",billing_refund,escalate,AI-assisted preliminary label; requires human review
9151,"@AppleSupport Well, I️ was running 11.0.3, and now 11.1. Issue persists.",@117639 Thanks. Please DM us and we'll continue this conversation there. https://t.co/GDrqU22YpT,other,escalate,AI-assisted preliminary label; requires human review
9154,@AppleSupport @117639 I’m having the same issue!!! Just started today!,@117640 Lets help get this sorted. Please DM us the version of iOS you're using and we can go from there. https://t.co/GDrqU22YpT,other,escalate,AI-assisted preliminary label; requires human review
9158,@AppleSupport It’s showing it’s connected and the battery is decreasing.,@117641 We are here for you. Let's take a look at this further for you. Reach out to us in DM. https://t.co/GDrqU22YpT,other,escalate,AI-assisted preliminary label; requires human review
9160,I got my phone yesterday and it’s already not charging thanks @115858 🙃,@117641 We want to make sure you can charge and enjoy your new phone. Is it not showing as connected to power when plugged in?,other,escalate,AI-assisted preliminary label; requires human review
9165,Can I undo this iOS update? This is horrendous and dealing with phone frustration during 75% of my 150 mobile uses each day is not acceptable @115858,@117643 We'd be happy to help. Send us a DM with a few details. https://t.co/GDrqU22YpT,other,escalate,AI-assisted preliminary label; requires human review
9169,@AppleSupport iOS11.1 consumes battery pretty fast....,"@117645 Let's see how you're using your battery so we can provide the best solution. To start, DM us with the country where you're located. https://t.co/GDrqU22YpT",other,escalate,AI-assisted preliminary label; requires human review
9170,11.1にあげたらTwitter少し見てるだけだし低電力モードなのに20パーへったぞ。デバイス本体ごと取り換えて数ヶ月だし今回のアプデはミスだな。バッテリー消費悪化してる。 @AppleSupport,@117645 We offer support via Twitter in English. Contact us for help in your preferred language here: https://t.co/IBIY3vMgPj,other,escalate,AI-assisted preliminary label; requires human review
9174,"Bienvenida sea la multi tarea al 3D touch en iphone, gracias @AppleSupport  #newupdate",@117646 We offer support via Twitter in English. Get help in Spanish here: https://t.co/IBIY3vMgPj or join https://t.co/OczyRx7IOs,other,escalate,AI-assisted preliminary label; requires human review
9176,@AppleSupport the new update is making my phone so funky. Check out the emoji and the letter I️. Is there a fix? https://t.co/9EpjZmt5ZC,@117647 We'd like to help. Send us a DM and we can start there. https://t.co/GDrqU22YpT,other,escalate,AI-assisted preliminary label; requires human review
9178,@AppleSupport what’s up with typing the letter I️ ... it wants to be an A and a box with a question mark,@117648 We'd like to help. We received your DM and will continue there. https://t.co/GDrqU22YpT,other,escalate,AI-assisted preliminary label; requires human review
9180,"@AppleSupport I bought an iTunes gift card worth £15 a week ago, and the email still hasn’t come into my inbox to tell me the code. Helpppp",@117649 We're here for you. You'll need to contact our iTunes Store group for help with iTunes codes: https://t.co/SDIe7UiyJN,other,escalate,AI-assisted preliminary label; requires human review
9182,"@AppleSupport Okay, I️ updated my phone the newest version",@117650 Thank you for the update. DM us here to continue: https://t.co/GDrqU22YpT,other,escalate,AI-assisted preliminary label; requires human review
9184,@AppleSupport I️ have 11.0.3,"@117650 The first step we want to take is to back it up, then update it to iOS 11.1 to rule that out: https://t.co/80YRnjDFDk",other,escalate,AI-assisted preliminary label; requires human review
9187,@AppleSupport hey apple ! What is going on with the iPhones ?? Every time I️ type the letter “I️” I️ get a symbol. Which you see right now!,@117650 Let's team up and get the exclamation point working right. Which model do you have? Is iOS 11.1 installed?,other,escalate,AI-assisted preliminary label; requires human review
9189,"@AppleSupport My screen is lagging, my apps are all glitching, your new screen updates are slowing my processsing speed down. Y’all are killin me fr yo","@117651 Is this happening only with certain applications? Meet up with us in a DM, we'll continue there. https://t.co/GDrqU22YpT",other,escalate,AI-assisted preliminary label; requires human review
9190,Hey @115858 just wondering why this new update has had my phone going bananas all day so far?? Please enlighten me.,@117651 You've come to the right place. What seems to be going on with your phone?,other,escalate,AI-assisted preliminary label; requires human review
9193,Ayo @AppleSupport fix this whole question mark box ting dem shits annoying.,"@117652 Hi, can you tell us more about this in a DM? We'll look into this together from there. https://t.co/GDrqU22YpT",other,escalate,AI-assisted preliminary label; requires human review
9195,@AppleSupport I bought an iPhone 8 with AppleCare+. Wanting to return the iPhone 8. What happens with the AppleCare+?,@117653 Thanks for contacting us. We'd like to gather some info to help out. Let's meet in DM. https://t.co/GDrqU22YpT,other,escalate,AI-assisted preliminary label; requires human review
9197,@AppleSupport But would it work with another phone brand?Like LG galaxy phones?,"@117654 Currently, only iPhones with iOS 10 or later are supported.",other,escalate,AI-assisted preliminary label; requires human review
9198,@AppleSupport Does the person you send it too also have to have a iPhone to see this?I see it on my phone.,@117654 Great question. They must have a device with iOS 10 or later. Here's some more information: https://t.co/GCtGkHihKu,other,escalate,AI-assisted preliminary label; requires human review
9304,@AppleSupport why are my I ‘s changing into I️ ?!!!!!,@117655 Interesting. Let's look into this. Which iOS version is showing in Settings &gt; General &gt; About?,other,escalate,AI-assisted preliminary label; requires human review
9827,Damn the new emojis @115858. Will my battery still go from 65% to 40% after one snap?,"@117805 We're happy to help. Are you experiencing battery issues, when using certain app?",other,escalate,AI-assisted preliminary label; requires human review
9829,@AppleSupport started before downloading 11.1 (was never able to download 11.0.3). hasn't gotten better since update,@117806 Let's continue within DM here: https://t.co/GDrqU22YpT,other,escalate,AI-assisted preliminary label; requires human review
9831,@applesupport please help us lmao https://t.co/EngGZoVACe,@117806 Your keyboard is important and we'd like to help get it working right. When did this start and which device model is it?,other,escalate,AI-assisted preliminary label; requires human review
9834,@AppleSupport 11.0.3,@117807 Thanks. Let's continue the conversation in DM. https://t.co/GDrqU22YpT,other,escalate,AI-assisted preliminary label; requires human review
9835,Dear @AppleSupport why is my letter I️ not working by itself in email or text? When I️ type the letter “I️” the attached happens. https://t.co/2qZ7Tjx5cF,@117807 We're here to help. Which version of iOS do you have installed on your device? You'd see this in Settings &gt; General &gt; About.,technical_problem,auto-handle,AI-assisted preliminary label; requires human review
9838,@AppleSupport updating xcode via appstore. 7-min remaining 6-hr ago. 1-min rem for over an hour. Why? My net bandwidth is good.,@117808 We'd like to help any way we can. Are other apps able to be downloaded on your device? Which model is it and which OS version?,other,escalate,AI-assisted preliminary label; requires human review
9840,"@AppleSupport mi iPhone no se puede conectar a la red wifi privadas pero si a las free, que hago 😢",@117809 We offer support via Twitter in English. Get help in Spanish here: https://t.co/IBIY3vMgPj or join https://t.co/OczyRx7IOs,other,escalate,AI-assisted preliminary label; requires human review
9842,@AppleSupport I said the battery is dying too fast. Is that because of the new iOS 11.0.3? I’m pretty worried about it 😕 I can’t trust my phone anymore,@117810 We're here to help. Let's update your device to iOS 11.1 and test to see if the issue persists: https://t.co/80YRnjDFDk,other,escalate,AI-assisted preliminary label; requires human review
9843,FOCO AQUI @AppleSupport Q Q TÁ ACONTECENDO ~ iOS 11 guloso https://t.co/Eonz2w9xPi,"@117810 Since our Twitter support is available in English, get help at https://t.co/IBIY3vMgPj or join https://t.co/pvaOFfPbjt",other,escalate,AI-assisted preliminary label; requires human review
9847,@AppleSupport iMessage &amp; snapchat,@117811 Thanks for letting us know. Send us a DM and we'll do everything we can to get your keyboard back on track. https://t.co/GDrqU22YpT,other,escalate,AI-assisted preliminary label; requires human review
9848,@AppleSupport hey my i on my keyboard isn't working and i just updated my phone to the latest IOS,@117811 Thank you for reaching out. May we ask which apps you're seeing the keyboard issue with?,other,escalate,AI-assisted preliminary label; requires human review
10667,"Ok, @ATT and @115858 figure your collective shit out. The error when attempting to type “I am” &amp; getting weird ASCII characters is stoopid.",@117958 Let's look into this keyboard issue for you. Send us a DM with your current iOS version to get started. https://t.co/GDrqU22YpT,technical_problem,auto-handle,AI-assisted preliminary label; requires human review
10669,"@AppleSupport /2...2 docs did open, duplicated themselves, now none open after I closed them.",@117959 Please send us a DM and we will go from there. https://t.co/GDrqU22YpT,other,escalate,AI-assisted preliminary label; requires human review
10671,"@AppleSupport So, since updating the latest iOS, Pages no longer lets me open any docs, all show,  just don’t open. Suggestions? Anyone?","@117959 Can you confirm what version of iOS you updated to? Also, have you tried restarting your device?",other,escalate,AI-assisted preliminary label; requires human review
10674,"@AppleSupport after I upgraded my iPhone to iOS 11.0.3, the back camera and the flash stopped working. Could you do something?","@117960 Hi, we'll be happy to help. To start, let's give the troubleshooting steps in this article a try: https://t.co/r1DRfaFLIU",other,escalate,AI-assisted preliminary label; requires human review
10677,"@applesupport just updated Apple Watch to 4.1. Is ESPN radio etc only available in USA, can’t get it on my watch in the UK",@117961 We want to help you. That station may not be available. Availability of live stations varies depending on your location.,product_information,auto-handle,AI-assisted preliminary label; requires human review
10679,Depois da ultima atualizado do IOS a bateria do IPhone 6 tá durando quase nada @115858 @AppleSupport,"@117962 Since our Twitter support is available in English, get help at https://t.co/IBIY3vMgPj or join https://t.co/pvaOFfPbjt",other,escalate,AI-assisted preliminary label; requires human review
10681,@115858 why is it impossible to Type “I” without a stupid box with a question mark. #notimpressed #fixit,@117963 We are here for you. Let's take a look at this further for you. Reach out to us in DM. https://t.co/GDrqU22YpT,other,escalate,AI-assisted preliminary label; requires human review
10683,@AppleSupport Baje la App de @701 la cual es gratuita y me llego un cargo de $18.11 Pesos ¿cuál es el motivo?,@117964 We offer support via Twitter in English. Get help in Spanish here: https://t.co/IBIY3vMgPj or join https://t.co/OczyRx7IOs,technical_problem,auto-handle,AI-assisted preliminary label; requires human review
10685,@AppleSupport I️ figured it out thanks 🤘🏽,@117965 Awesome! It's our pleasure. Feel free to reach out anytime a question comes up.,other,escalate,AI-assisted preliminary label; requires human review
10687,@115858 why everytime I️ type an “I️” this extra A and box pops up ??,"@117965 Let's work on a solution together. To start, which device model and exact iOS version are you using?",other,escalate,AI-assisted preliminary label; requires human review
10689,updated to iOS 11.1 @AppleSupport and there's so many glitches and bugs I found inside the update,@117966 We'd be happy to help. Send us a DM and we can start there. https://t.co/GDrqU22YpT,other,escalate,AI-assisted preliminary label; requires human review
10691,Downloaded new software update and my iPhone 6S in perfect condition magically became inoperably glitchy. What a coincidence @AppleSupport,@117967 We want you to have a smooth experience with our updates. What exactly is happening with your iPhone?,other,escalate,AI-assisted preliminary label; requires human review
10693,@AppleSupport Well it is now 11 days after and still no sign of it,@117968 Thanks for letting us know. Please send us a DM with the current country you're in. https://t.co/GDrqU22YpT,other,escalate,AI-assisted preliminary label; requires human review
10694,@AppleSupport why do I not have my October challenge ring after competition? 😡😡,"@117968 If you complete an achievement, but don't earn the award, you will earn the award within 9 days of completing the challenge.",other,escalate,AI-assisted preliminary label; requires human review
